{"cameraMode":{"drawMode":0,"name":"Shaded","section":"Shading Mode"},"sceneLighting":false,"audioPlay":false,"sceneViewState":{"showFog":true,"showMaterialUpdate":false,"showSkybox":true,"showFlares":true,"showImageEffects":true,"showParticleSystems":true},"in2DMode":false,"pivot":{"x":1.2084215879440308,"y":3.004244565963745,"z":5.641998291015625},"rotation":{"x":0.022591225802898408,"y":-0.8320302963256836,"z":0.03397296369075775,"w":0.5532317757606506},"size":4.0578837394714359,"orthographic":false}