{"cameraMode":{"drawMode":0,"name":"Shaded","section":"Shading Mode"},"sceneLighting":false,"audioPlay":false,"sceneViewState":{"showFog":true,"showMaterialUpdate":false,"showSkybox":true,"showFlares":true,"showImageEffects":true,"showParticleSystems":true},"in2DMode":false,"pivot":{"x":-2.8041179180145265,"y":3.118299961090088,"z":14.062875747680664},"rotation":{"x":-0.10511291772127152,"y":0.00656066183000803,"z":-0.0006934059201739728,"w":-0.9944384098052979},"size":9.037422180175782,"orthographic":false}